<?xml version="1.0" encoding="utf-8" ?>
<dwsync>
<file name="block_breaker.png" server="www.tahahstudio.com//www/envato/tf/xero/html/" local="129215229514209700" remote="129226309200000000" />
<file name="comment_arrow.png" server="www.tahahstudio.com//www/envato/tf/xero/html/" local="129214568635200000" remote="129226309200000000" />
<file name="comment_bg.png" server="www.tahahstudio.com//www/envato/tf/xero/html/" local="129224991404648432" remote="129226309200000000" />
<file name="dd_arrows.png" server="www.tahahstudio.com//www/envato/tf/xero/html/" local="129151507524687504" remote="129226309200000000" />
<file name="dd_bg.png" server="www.tahahstudio.com//www/envato/tf/xero/html/" local="129214545376090000" remote="129226309200000000" />
<file name="form_field_dark.png" server="www.tahahstudio.com//www/envato/tf/xero/html/" local="129214567427040000" remote="129226309200000000" />
<file name="form_field_light.png" server="www.tahahstudio.com//www/envato/tf/xero/html/" local="129214567959030000" remote="129226309200000000" />
<file name="front_boxes_bg.png" server="www.tahahstudio.com//www/envato/tf/xero/html/" local="129215182774648432" remote="129226309200000000" />
<file name="front_boxes_vertical_breaker.png" server="www.tahahstudio.com//www/envato/tf/xero/html/" local="129214537563280000" remote="129226309200000000" />
<file name="global.png" server="www.tahahstudio.com//www/envato/tf/xero/html/" local="129220347117109376" remote="129226309200000000" />
<file name="sidebar_widgets.png" server="www.tahahstudio.com//www/envato/tf/xero/html/" local="129149497795480881" remote="129226309200000000" />
<file name="widget_title_breaker.png" server="www.tahahstudio.com//www/envato/tf/xero/html/" local="129220265018515616" remote="129226309200000000" />
<file name="loading.gif" server="www.tahahstudio.com//www/envato/tf/xero/html/" local="129226355636640000" remote="129226309200000000" />
<file name="avatar_large.png" server="www.tahahstudio.com//www/envato/tf/xero/html/" local="129222339324090000" remote="129226309200000000" />
<file name="avatar_mid.png" server="www.tahahstudio.com//www/envato/tf/xero/html/" local="129222339494440000" remote="129226309200000000" />
<file name="avatar_small.png" server="www.tahahstudio.com//www/envato/tf/xero/html/" local="129222339021840000" remote="129226309200000000" />
<file name="post_image_icons.png" server="www.tahahstudio.com//www/envato/tf/xero/html/" local="129222306117710000" remote="129226309200000000" />
<file name="avatar_large.png" server="www.tahahstudio.com//www/demos/envato/tf/xero/html/" local="129222339324090000" remote="129264575400000000" />
<file name="avatar_mid.png" server="www.tahahstudio.com//www/demos/envato/tf/xero/html/" local="129222339494440000" remote="129264575400000000" />
<file name="avatar_small.png" server="www.tahahstudio.com//www/demos/envato/tf/xero/html/" local="129222339021840000" remote="129264575400000000" />
<file name="block_breaker.png" server="www.tahahstudio.com//www/demos/envato/tf/xero/html/" local="129215229514209700" remote="129264576000000000" />
<file name="comment_arrow.png" server="www.tahahstudio.com//www/demos/envato/tf/xero/html/" local="129214568635200000" remote="129264576000000000" />
<file name="comment_bg.png" server="www.tahahstudio.com//www/demos/envato/tf/xero/html/" local="129224991404648432" remote="129264576000000000" />
<file name="dd_arrows.png" server="www.tahahstudio.com//www/demos/envato/tf/xero/html/" local="129151507524687504" remote="129264576000000000" />
<file name="dd_bg.png" server="www.tahahstudio.com//www/demos/envato/tf/xero/html/" local="129214545376090000" remote="129264576000000000" />
<file name="form_field_dark.png" server="www.tahahstudio.com//www/demos/envato/tf/xero/html/" local="129214567427040000" remote="129264576000000000" />
<file name="form_field_light.png" server="www.tahahstudio.com//www/demos/envato/tf/xero/html/" local="129214567959030000" remote="129264576000000000" />
<file name="front_boxes_bg.png" server="www.tahahstudio.com//www/demos/envato/tf/xero/html/" local="129215182774648432" remote="129264576000000000" />
<file name="front_boxes_vertical_breaker.png" server="www.tahahstudio.com//www/demos/envato/tf/xero/html/" local="129214537563280000" remote="129264576000000000" />
<file name="global.png" server="www.tahahstudio.com//www/demos/envato/tf/xero/html/" local="129220347117109376" remote="129264576000000000" />
<file name="loading.gif" server="www.tahahstudio.com//www/demos/envato/tf/xero/html/" local="129226355636640000" remote="129264576000000000" />
<file name="post_image_icons.png" server="www.tahahstudio.com//www/demos/envato/tf/xero/html/" local="129222306117710000" remote="129264576000000000" />
<file name="sidebar_widgets.png" server="www.tahahstudio.com//www/demos/envato/tf/xero/html/" local="129149497795480881" remote="129264576000000000" />
<file name="tooltip.png" server="www.tahahstudio.com//www/demos/envato/tf/xero/html/" local="129228234762378069" remote="129264576000000000" />
<file name="widget_title_breaker.png" server="www.tahahstudio.com//www/demos/envato/tf/xero/html/" local="129220265018515616" remote="129264576000000000" />
</dwsync>