<?xml version="1.0" encoding="utf-8" ?>
<dwsync>
<file name="blue.css" server="www.tahahstudio.com//www/demos/envato/tf/xero/html/" local="129241212260650000" remote="129264574800000000" />
<file name="cream.css" server="www.tahahstudio.com//www/demos/envato/tf/xero/html/" local="129241241554310000" remote="129264574800000000" />
<file name="green.css" server="www.tahahstudio.com//www/demos/envato/tf/xero/html/" local="129241263943860000" remote="129264574800000000" />
<file name="orange.css" server="www.tahahstudio.com//www/demos/envato/tf/xero/html/" local="129241147649660000" remote="129264574800000000" />
<file name="purple.css" server="www.tahahstudio.com//www/demos/envato/tf/xero/html/" local="129241119963630541" remote="129264575400000000" />
<file name="red.css" server="www.tahahstudio.com//www/demos/envato/tf/xero/html/" local="129241259456630000" remote="129264575400000000" />
<file name="sky-blue.css" server="www.tahahstudio.com//www/demos/envato/tf/xero/html/" local="129241150602910000" remote="129264575400000000" />
<file name="yellow.css" server="www.tahahstudio.com//www/demos/envato/tf/xero/html/" local="129241256084880000" remote="129264575400000000" />
</dwsync>