<?xml version="1.0" encoding="utf-8" ?>
<dwsync>
<file name="arrow_left.png" server="www.tahahstudio.com//www/envato/tf/xero/html/" local="129221137952586982" remote="129226309200000000" />
<file name="arrow_right.png" server="www.tahahstudio.com//www/envato/tf/xero/html/" local="129221137828586982" remote="129226309200000000" />
<file name="external_link.png" server="www.tahahstudio.com//www/envato/tf/xero/html/" local="129221137687696982" remote="129226309200000000" />
<file name="go.png" server="www.tahahstudio.com//www/envato/tf/xero/html/" local="129221137148626982" remote="129226309200000000" />
<file name="play.png" server="www.tahahstudio.com//www/envato/tf/xero/html/" local="129221140831386982" remote="129226309200000000" />
<file name="read_article.png" server="www.tahahstudio.com//www/envato/tf/xero/html/" local="129221137027016982" remote="129226309200000000" />
<file name="read_more.png" server="www.tahahstudio.com//www/envato/tf/xero/html/" local="129221136873766982" remote="129226309200000000" />
<file name="view.png" server="www.tahahstudio.com//www/envato/tf/xero/html/" local="129221137263996982" remote="129226309200000000" />
<file name="zoom.png" server="www.tahahstudio.com//www/envato/tf/xero/html/" local="129221137391876982" remote="129226309200000000" />
<file name="zoom_rounded.png" server="www.tahahstudio.com//www/envato/tf/xero/html/" local="129221137539716982" remote="129226309200000000" />
<file name="arrow_left.png" server="www.tahahstudio.com//www/demos/envato/tf/xero/html/" local="129221137952586982" remote="129264575400000000" />
<file name="arrow_right.png" server="www.tahahstudio.com//www/demos/envato/tf/xero/html/" local="129221137828586982" remote="129264575400000000" />
<file name="external_link.png" server="www.tahahstudio.com//www/demos/envato/tf/xero/html/" local="129221137687696982" remote="129264576000000000" />
<file name="go.png" server="www.tahahstudio.com//www/demos/envato/tf/xero/html/" local="129221137148626982" remote="129264576000000000" />
<file name="play.png" server="www.tahahstudio.com//www/demos/envato/tf/xero/html/" local="129221140831386982" remote="129264576000000000" />
<file name="read_article.png" server="www.tahahstudio.com//www/demos/envato/tf/xero/html/" local="129221137027016982" remote="129264576000000000" />
<file name="read_more.png" server="www.tahahstudio.com//www/demos/envato/tf/xero/html/" local="129221136873766982" remote="129264576000000000" />
<file name="view.png" server="www.tahahstudio.com//www/demos/envato/tf/xero/html/" local="129221137263996982" remote="129264576000000000" />
<file name="zoom.png" server="www.tahahstudio.com//www/demos/envato/tf/xero/html/" local="129221137391876982" remote="129264576000000000" />
<file name="zoom_rounded.png" server="www.tahahstudio.com//www/demos/envato/tf/xero/html/" local="129221137539716982" remote="129264576000000000" />
</dwsync>